{"cameraMode":{"drawMode":0,"name":"Shaded","section":"Shading Mode"},"sceneLighting":false,"audioPlay":false,"sceneViewState":{"showFog":true,"showMaterialUpdate":false,"showSkybox":false,"showFlares":true,"showImageEffects":true,"showParticleSystems":true},"in2DMode":false,"pivot":{"x":3.100806713104248,"y":1.389376163482666,"z":2.281362533569336},"rotation":{"x":-0.13528123497962953,"y":0.09358153492212296,"z":-0.012834344059228897,"w":-0.9863025546073914},"size":0.8735961318016052,"orthographic":false}