{"cameraMode":{"drawMode":0,"name":"Shaded","section":"Shading Mode"},"sceneLighting":false,"audioPlay":false,"sceneViewState":{"showFog":true,"showMaterialUpdate":false,"showSkybox":false,"showFlares":true,"showImageEffects":true,"showParticleSystems":true},"in2DMode":false,"pivot":{"x":-0.5441858172416687,"y":0.008264794945716858,"z":0.7171236276626587},"rotation":{"x":-0.2187887281179428,"y":-0.6529390215873718,"z":0.20542354881763459,"w":-0.6954200267791748},"size":0.1398664265871048,"orthographic":false}