{"cameraMode":{"drawMode":0,"name":"Shaded","section":"Shading Mode"},"sceneLighting":false,"audioPlay":false,"sceneViewState":{"showFog":true,"showMaterialUpdate":false,"showSkybox":false,"showFlares":true,"showImageEffects":true,"showParticleSystems":true},"in2DMode":false,"pivot":{"x":0.3001212775707245,"y":0.4987855851650238,"z":1.8209999799728394},"rotation":{"x":-0.15000462532043458,"y":0.28488215804100039,"z":-0.0451866015791893,"w":-0.9456828832626343},"size":0.8184468150138855,"orthographic":false}