{"cameraMode":{"drawMode":0,"name":"Shaded","section":"Shading Mode"},"sceneLighting":false,"audioPlay":false,"sceneViewState":{"showFog":true,"showMaterialUpdate":false,"showSkybox":false,"showFlares":true,"showImageEffects":true,"showParticleSystems":true},"in2DMode":false,"pivot":{"x":0.02200986072421074,"y":0.307194322347641,"z":0.09953923523426056},"rotation":{"x":-0.2549378573894501,"y":0.4710083603858948,"z":-0.1443125605583191,"w":-0.8320676684379578},"size":0.15674564242362977,"orthographic":false}